Achilles tendon stress,Ankle plantar/dorsiflexion angle,Ankle in/eversion angle,Ankle in/external rotation angle,Ankle plantar/dorsiflexion moment,Ankle in/eversion moment,Ankle power,A/P GRF,M/L GRF,Hip flex/extension angle,Hip in/external rotation angle,Hip in/external rotation moment,Knee flex/extension angle,Knee in/external rotation angle,Ipsi/contralateral pelvis rotation,EMG activation for peroneus longus
8.460433335,21.8609,4.79819,-22.6035,3.64867,-0.304376,13.9482,0.169785,-6.4187,18.9793,12.3949,0.117456,33.6356,23.7439,-18.7221,0.907428752
9.125801811,20.2727,4.43031,-21.0041,3.5259,-0.295983,17.6385,0.147567,-6.72626,16.3613,11.3148,0.11163,31.3213,22.9137,-18.5122,0.897713132
10.17678134,18.2751,4.03335,-19.2381,3.34982,-0.285389,21.1397,0.118387,-6.90227,13.6432,9.92627,0.100098,28.8188,21.9503,-18.0755,0.8870795
12.07582831,15.8377,3.61306,-17.3252,3.1187,-0.272491,23.9992,0.081407,-6.98617,10.8421,8.25086,0.0845982,26.1523,20.8646,-17.4253,0.871855811
16.4114503,12.9455,3.17816,-15.302,2.83178,-0.255099,25.7334,0.039945,-6.89456,7.97603,6.33913,0.068006,23.3544,19.6706,-16.5841,0.851491258
34.9728098,9.60457,2.73993,-13.2222,2.49738,-0.239055,25.9976,-0.00942606,-6.57542,5.06815,4.26479,0.0506313,20.4689,18.3862,-15.5821,0.829525286
28.40789325,9.16078,1.4244,-7.31495,1.59057,-0.47838,-8.5523,-0.508951,-0.906677,32.4244,18.8423,0.0386575,29.7436,-7.28079,-0.985552,0.942486638
15.26954934,10.9137,1.51715,-7.78086,1.64641,-0.475016,-8.81904,-0.56038,0.353886,31.7167,18.5158,0.0279254,31.3264,-6.12671,-1.23087,0.951230526
10.48720809,12.6199,1.58654,-8.12872,1.65372,-0.443998,-8.65154,-0.360395,1.51426,31.0776,18.1135,-0.0441506,32.9376,-5.02192,-1.47072,0.959317697
9.842883166,14.8282,0.880457,-4.56458,2.17895,-0.230209,15.0139,-0.0140269,-3.65381,2.42551,25.2506,-0.0800444,26.0446,-6.68594,-4.82923,0.986100664
12.30245321,12.5814,0.746507,-3.88347,1.9262,-0.196762,14.5959,-0.0540261,-3.46253,0.875285,25.5077,-0.0651101,24.8703,-7.56482,-4.81273,0.984247325
19.62620068,10.1224,0.608432,-3.18021,1.65842,-0.165847,13.5529,-0.075764,-3.18685,-0.671053,25.7433,-0.0513842,23.659,-8.49177,-4.75666,0.981956648
2.923428543,28.3392,4.20948,-29.1466,3.64972,0.237717,14.7506,0.355786,-7.28488,2.0461,19.003,0.125336,33.3137,15.7758,-10.5776,0.977608273
3.093494047,26.4356,3.82197,-27.2267,3.53642,0.231837,21.1828,0.362725,-7.82438,-0.528169,18.6755,0.131133,30.3723,13.785,-10.4967,0.972797488
3.344903593,23.8623,3.39222,-25.0162,3.3398,0.213283,27.3421,0.278177,-8.18388,-3.06823,17.9821,0.13977,27.2961,11.5139,-10.2315,0.966408413
3.796947557,20.5361,2.92104,-22.4964,3.06533,0.187004,32.1755,0.106847,-8.31414,-5.57054,16.9973,0.149257,24.1177,8.9812,-9.81485,0.959224201
4.813292239,16.3923,2.4168,-19.6929,2.70831,0.155999,34.3044,-0.073389,-8.13438,-8.02274,15.8492,0.157882,20.8799,6.21254,-9.28183,0.950945175
8.807680022,11.4137,1.89671,-16.6934,2.28313,0.119676,32.9471,-0.232443,-7.56107,-10.4002,14.6737,0.165296,17.651,3.26864,-8.66795,0.941279653
3.84913044,13.9045,0.0625289,-2.07288,1.69822,-0.196791,-7.78854,3.14699,-1.76109,38.8338,-10.6661,-0.229929,37.4809,5.84208,1.72724,0.999098555
4.104342543,15.5097,0.0958737,-2.24224,2.23811,-0.287876,-10.5839,3.46801,-5.75154,37.3194,-10.8093,-0.117418,37.5201,6.02752,1.42982,0.999753428
3.891028042,17.0777,0.146523,-2.49941,2.51314,-0.335926,-11.746,2.9116,-4.62076,35.9641,-11.0892,0.034025,37.7565,6.38697,1.07245,0.999904553
4.385259664,16.8513,-1.43584,5.5298,2.76897,-0.00888516,23.6696,0.964897,-5.98312,3.21922,-11.6505,0.0522661,24.569,3.40655,-1.46361,0.951544653
5.505503333,14.0517,-1.70048,6.8598,2.48183,0.00621502,23.8493,0.802694,-5.88717,1.46764,-11.8427,0.0575312,23.3346,2.55243,-1.22056,0.937384005
8.997335662,10.8639,-1.93459,8.03014,2.16677,0.014798,22.8098,0.682219,-5.63222,-0.24063,-11.7665,0.0548623,22.1436,1.5532,-0.976521,0.921828768
11.28275215,8.13138,4.87014,-23.5473,0.481804,-0.0547098,-2.44766,0.371345,0.508389,47.9585,23.3724,-0.148361,35.9675,-8.28099,0.396364,0.987700183
6.069201821,10.1227,4.98802,-24.0113,0.866807,-0.0643719,-4.92233,0.744883,0.35752,46.1828,23.4761,-0.212392,35.8233,-7.65539,0.0936124,0.991956894
5.627521158,18.2906,3.02578,-15.8689,3.03649,-0.0505635,23.7916,0.570737,-6.58443,7.50435,22.176,-0.053973,20.7972,-5.19078,-10.8819,0.881882223
6.786197304,15.5703,2.81724,-14.9555,2.78181,-0.0419208,24.5698,0.514227,-6.46473,5.42446,22.1855,-0.0554994,18.6794,-6.27645,-10.9393,0.862708277
9.50711899,12.5253,2.61325,-14.0543,2.48942,-0.0312393,24.3022,0.441512,-6.18773,3.36459,22.2033,-0.0555669,16.5907,-7.46936,-10.9479,0.842893609
22.80243472,9.17327,2.41668,-13.1789,2.17197,-0.0241649,22.9576,0.347915,-5.75174,1.33919,22.2319,-0.0525792,14.5661,-8.74483,-10.9117,0.822301896
2.877453656,22.8142,2.31589,-23.113,3.16281,0.0716066,18.1142,0.229849,-4.16895,18.4357,4.7605,-0.107274,41.8958,16.6797,-6.2545,0.887639159
3.065631271,20.6996,2.21753,-22.3324,2.93201,0.0672861,20.1238,0.180556,-4.36145,16.3195,5.45505,-0.0813706,40.2454,15.6459,-5.95049,0.880071883
3.391877537,18.2222,2.09724,-21.3657,2.66727,0.0601213,21.3186,0.153359,-4.47247,14.1441,6.20592,-0.0619194,38.4471,14.3486,-5.66318,0.87162616
4.041909777,15.3835,1.94748,-20.144,2.37592,0.050525,21.5685,0.156259,-4.50516,11.9165,6.95247,-0.0494116,36.5211,12.776,-5.3943,0.861509666
5.709450985,12.1979,1.76541,-18.6326,2.05709,0.0424834,20.7113,0.186004,-4.39407,9.64155,7.64366,-0.0436778,34.4867,10.95,-5.14328,0.85065252
16.48719525,8.69441,1.55352,-16.8389,1.71977,0.0257324,18.7528,0.22386,-4.1008,7.3223,8.24184,-0.0405219,32.3628,8.92453,-4.90749,0.839181035
18.67624035,8.47956,3.78207,-38.4688,2.22632,-0.194979,-10.2348,0.0190613,1.13834,24.1544,15.916,-0.0789799,30.2234,11.2464,-5.35466,0.993699474
8.010338991,10.4081,3.77775,-38.4384,2.48697,-0.190865,-11.1212,0.0331949,0.948462,23.1405,15.3162,-0.0853512,31.1009,12.184,-5.51573,0.994597716
5.607809548,12.2422,3.76209,-38.3277,2.74829,-0.185558,-11.7399,0.150657,0.826641,22.1231,14.5818,-0.103016,31.9124,13.2014,-5.69126,0.99534839
5.427599793,14.2988,2.82179,-31.0366,3.73872,-0.0537765,21.5527,0.12855,-5.95547,3.56423,6.12621,-0.0503291,26.3179,18.6224,-7.25545,0.977909663
7.677288813,11.8609,2.69127,-29.9208,3.47724,-0.0420388,24.0193,0.119993,-6.06282,1.61725,6.12884,-0.0362149,24.5307,17.6182,-7.17623,0.96675863
18.13459374,9.0304,2.55422,-28.7215,3.157,-0.0322856,25.1341,0.105742,-6.0447,-0.363436,6.20037,-0.0196626,22.6356,16.4664,-7.06481,0.954818427
2.277309053,24.5874,-1.98626,3.09154,2.03513,-0.149752,18.7748,0.238579,-5.12484,-4.86173,-4.18148,0.0632201,21.8745,-3.43347,-8.76856,0.940583186
2.521392384,21.54,-2.21296,4.04108,1.87603,-0.127989,18.3649,0.126987,-4.82645,-6.6574,-4.61041,0.0578592,20.7699,-3.92946,-8.65388,0.924044546
2.905988215,18.3055,-2.41194,4.87262,1.69008,-0.110941,17.0946,0.00763796,-4.43818,-8.37364,-4.99125,0.0490885,19.8355,-4.40155,-8.55671,0.906674819
3.519924362,14.9767,-2.57783,5.56429,1.44475,-0.0961445,14.7073,-0.086745,-3.89779,-9.99881,-5.31916,0.0405989,19.091,-4.84033,-8.48113,0.888758949
4.901873449,11.6569,-2.70638,6.09914,1.15584,-0.0845595,11.5476,-0.167277,-3.24111,-11.5223,-5.5897,0.0322246,18.5533,-5.23686,-8.42987,0.867002268
13.38361279,8.45054,-2.79508,6.46755,0.847673,-0.0714551,8.09392,-0.186801,-2.4803,-12.9351,-5.79889,0.0268125,18.2369,-5.58321,-8.40434,0.841808446
1.989832721,26.5698,3.74091,-36.0054,2.25208,0.342992,16.2391,0.773634,-4.65677,10.4315,26.5581,-0.0510768,31.4841,13.3922,-13.9869,0.882881698
2.069657071,23.5855,3.63657,-35.2722,2.00061,0.305996,16.5059,0.644216,-4.49306,8.75251,26.7678,-0.0445193,30.2711,12.26,-14.073,0.861837937
2.217161995,20.1825,3.48568,-34.1878,1.7157,0.263257,15.8829,0.544455,-4.1994,7.1557,26.7476,-0.0402733,29.0982,10.9988,-14.1111,0.839443455
2.543386094,16.4105,3.29033,-32.7409,1.41037,0.21506,14.3602,0.452985,-3.73677,5.60859,26.5297,-0.0354646,27.9191,9.61831,-14.1031,0.81504082
3.49887734,12.3422,3.05729,-30.9511,1.0896,0.164392,11.9246,0.351059,-3.10711,4.07478,26.1464,-0.0254879,26.6888,8.14865,-14.0529,0.788325225
16.13315104,8.07155,2.79723,-28.8709,0.788333,0.113117,9.0323,0.225248,-2.3904,2.52032,25.6251,-0.00978342,25.3742,6.64086,-13.9662,0.760151329
10.75031699,8.90313,4.50137,-27.6233,0.775196,0.178745,-4.20038,-0.605572,0.743358,38.1957,23.5086,-0.18689,42.971,-4.0349,-1.13711,0.99808681
8.629041093,11.0568,4.65004,-28.2297,1.4426,0.299401,-8.47623,-0.625949,-0.36217,36.0675,23.2555,-0.230685,42.6196,-3.57735,-1.36463,0.998979632
7.196481741,13.3141,4.79074,-28.7971,1.9096,0.390489,-11.4493,-0.923674,-1.53953,34.12,22.8874,-0.305807,42.4112,-3.02766,-1.64905,0.999838115
7.454656749,15.1614,3.54621,-23.5634,2.56866,0.542513,20.3118,0.360626,-5.13145,7.62572,26.4683,-0.135001,38.7711,-1.83447,-12.8822,0.913592481
9.811641612,12.4632,3.25663,-22.2776,2.24218,0.461097,20.255,0.380202,-4.91741,5.50232,25.5999,-0.108947,37.344,-2.58529,-12.4619,0.904978219
20.13096121,9.41141,2.96556,-20.9604,1.9058,0.381722,19.2232,0.398809,-4.57363,3.335,24.6509,-0.0797342,35.8541,-3.34004,-12.0206,0.894171147
8.895352841,9.88592,-0.452255,-1.30632,1.60865,-0.0335368,-13.9813,0.992958,1.16629,38.5627,-23.6401,-0.29568,45.3053,0.122431,-8.02602,0.982328736
5.345672507,12.6052,-0.276562,-2.41972,1.9615,-0.0402557,-16.3321,1.36052,1.66241,37.0084,-23.8567,-0.40571,45.8099,1.5854,-8.57012,0.985543863
4.275496939,15.1249,-0.117061,-3.42893,2.293,-0.0491238,-17.7804,1.50351,1.35543,35.5176,-24.0306,-0.471204,46.2397,2.92306,-9.11092,0.988733284
3.765770702,17.3976,0.0157855,-4.26788,2.58546,-0.0602709,-18.3286,1.00006,0.630226,34.1092,-24.1813,-0.404895,46.5933,4.10072,-9.64722,0.991770303
5.063708612,12.5288,-3.61401,18.1152,1.8318,0.135003,20.5018,-0.0401496,-4.52317,0.0869368,-22.0904,-0.020287,27.7049,1.17924,-16.269,0.927370445
18.55454872,8.47139,-4.08891,20.789,1.53423,0.118692,18.9525,-0.191475,-4.28957,-2.1654,-22.5401,-0.00195601,25.6432,0.265089,-16.4181,0.907106514
5.166430212,26.1788,4.97735,-24.8987,2.88315,0.168772,17.3292,-0.196828,-6.24149,4.77144,21.3178,0.0913942,18.6784,5.97963,-7.72231,0.97418703
5.602778912,23.8099,4.68852,-23.5708,2.75727,0.160798,20.7118,-0.280601,-6.29058,2.39948,19.6575,0.0919254,16.4894,4.95179,-6.96541,0.96981052
6.333144232,20.9467,4.39334,-22.1847,2.6022,0.153195,23.6361,-0.333402,-6.28297,-0.0583823,18.0211,0.0928512,14.1367,3.73293,-6.13827,0.962981718
7.729557501,17.5617,4.09317,-20.7461,2.41663,0.145839,25.7357,-0.36512,-6.24617,-2.59461,16.4435,0.0930777,11.6429,2.3251,-5.25865,0.953587291
11.24865687,13.6516,3.78864,-19.2576,2.20713,0.134629,26.7514,-0.384131,-6.16172,-5.19594,14.9492,0.0881927,9.04056,0.738128,-4.34454,0.942541125
32.14708083,9.2482,3.48125,-17.7266,1.97036,0.120091,26.3701,-0.398458,-5.97408,-7.84327,13.5543,0.0805886,6.37188,-1.00588,-3.41368,0.930916246
36.71217347,8.31742,4.39845,-22.9622,2.25576,0.198309,-16.115,0.391621,-0.632331,38.8476,15.228,-0.117235,34.2929,-0.966968,3.42924,0.997592817
13.07945633,10.857,4.56702,-23.7179,2.7667,0.225668,-19.7565,0.42569,-1.95419,37.1372,14.9868,-0.12821,33.9137,-0.194257,3.48663,0.996117447
8.948770329,13.3553,4.73062,-24.443,3.19194,0.259313,-21.9014,0.641933,-1.62691,35.5115,14.7468,-0.160693,33.5644,0.570874,3.46488,0.994593545
7.157403415,15.7184,4.88217,-25.107,3.51948,0.285691,-22.5353,0.575438,-0.906095,33.9473,14.5214,-0.160786,33.2407,1.30345,3.35853,0.992904635
8.774745298,14.1165,3.49166,-18.7508,3.51366,0.325477,31.5243,-0.744416,-7.15623,7.03133,14.3693,0.00703211,26.0917,-2.11273,0.659772,0.937243388
14.38247473,10.9851,3.07752,-16.7505,3.15024,0.297313,32.3209,-0.724493,-7.27538,4.86784,14.274,-0.00308916,25.0298,-3.91536,0.920522,0.928216452
5.263950629,8.79667,1.66761,-16.9068,0.542248,-0.0964475,-2.36589,1.11862,2.00306,43.8959,10.5143,-0.24654,34.9761,-0.707514,-0.608896,0.995556224
4.877538633,10.6226,1.77293,-17.8054,1.10463,-0.128577,-5.20017,1.11334,0.284977,42.265,10.8516,-0.255372,35.1937,-0.0783186,-0.806735,0.997215875
4.289321925,12.6118,1.88649,-18.7643,1.54097,-0.197297,-7.70295,0.706964,-1.28233,40.6372,11.2751,-0.199765,35.5217,0.612508,-1.0088,0.998532772
4.249148882,17.0602,2.05655,-20.1798,2.76077,-0.0497526,22.5878,0.206691,-5.65981,4.86254,19.2958,-0.116199,23.2431,-1.67629,0.875059,0.904359591
5.458906657,14.063,1.82754,-18.2678,2.4838,-0.0435005,23.7209,0.225414,-5.54868,2.26045,18.7745,-0.111089,21.1028,-3.30037,1.30041,0.891346963
9.604865827,10.6028,1.57874,-16.1417,2.16246,-0.0425501,23.4501,0.239172,-5.28575,-0.326358,18.3292,-0.101695,18.8712,-5.06103,1.71144,0.877209862
9.149236531,7.78261,0.0552762,-2.29928,0.385279,-0.138804,-1.71764,1.22903,1.85933,37.0441,0.0448704,-0.160848,28.659,-12.6811,-4.12097,0.97667018
3.911221031,9.25178,0.131789,-3.04504,0.652717,-0.208116,-3.17026,1.07779,1.30953,36.7746,0.225099,-0.102378,30.3247,-12.2311,-4.17932,0.983533404
3.281607987,10.8584,0.20723,-3.77932,0.990837,-0.260264,-5.14416,0.932729,0.37735,36.4945,0.348462,-0.0452257,32.0666,-11.7854,-4.21583,0.989897951
3.451578387,13.9051,-0.815676,6.18289,1.91234,-0.153003,16.0451,0.291391,-4.22014,8.09818,-3.56266,-0.0180849,29.4704,-9.41792,-3.97093,0.898331748
4.530632491,11.342,-0.975577,7.72173,1.55085,-0.130716,13.5355,0.151722,-3.69861,6.6069,-3.65009,0.00899609,28.0648,-9.83798,-3.92171,0.88102717
10.29033589,8.66201,-1.13331,9.2288,1.20337,-0.109999,10.7093,0.0381974,-3.0372,5.18492,-3.79196,0.0283717,26.7606,-10.236,-3.86291,0.862360229
2.157350199,22.0282,1.14132,-11.4777,2.42926,-0.0337611,12.445,-0.0199761,-2.93321,-2.2338,-11.5769,-0.0350259,29.5411,28.8632,-5.07302,0.880571239
2.299894644,20.2332,0.989556,-10.4118,2.28848,-0.0259458,14.342,-0.290324,-3.19933,-4.15004,-11.6692,-0.00921099,27.9947,27.8834,-4.92005,0.868766933
2.533049309,18.0956,0.8347,-9.31649,2.11968,-0.0176389,15.6519,-0.517256,-3.31583,-6.00905,-11.6808,0.0140736,26.4943,26.7721,-4.7725,0.855080557
2.963781292,15.6143,0.677843,-8.19996,1.92679,-0.0123436,16.2504,-0.683144,-3.2858,-7.80106,-11.6444,0.0270236,25.0512,25.5678,-4.63173,0.840432463
3.929220237,12.8046,0.521713,-7.08229,1.70833,-0.00893433,15.9697,-0.746685,-3.18103,-9.52002,-11.5919,0.0304395,23.675,24.3183,-4.498,0.82214432
7.65774799,9.70267,0.370505,-5.9946,1.47179,-0.00412532,14.8216,-0.722955,-3.02783,-11.1628,-11.5526,0.0279083,22.3749,23.0767,-4.37079,0.802191268
3.464626481,25.2985,3.26335,-20.0216,3.59267,0.630194,26.3342,-1.62415,-5.21015,17.8723,23.8973,-0.181577,27.61,-4.82335,-3.98527,0.980968058
3.696663306,22.7086,2.99669,-18.7692,3.31174,0.585227,28.9106,-1.35164,-5.37223,15.1978,23.7933,-0.157334,25.4722,-6.91847,-3.33851,0.977055057
4.105382228,19.6739,2.69421,-17.3254,2.9851,0.533426,30.057,-1.1333,-5.38563,12.5286,23.5671,-0.141355,23.3198,-9.08903,-2.67582,0.969744542
4.937052501,16.2139,2.36145,-15.71,2.61756,0.479,29.5452,-0.935829,-5.28859,9.88772,23.2416,-0.130944,21.1826,-11.2791,-2.01494,0.960606398
7.263463314,12.366,2.00718,-13.9609,2.21907,0.414915,27.331,-0.760146,-5.02372,7.2999,22.8404,-0.123679,19.0925,-13.4227,-1.37365,0.951017204
32.87244857,8.19057,1.64329,-12.1359,1.80673,0.344617,23.6266,-0.591272,-4.54082,4.79074,22.387,-0.109349,17.0835,-15.4482,-0.769108,0.940894952
2.863693679,34.0948,3.64068,-24.72,3.59458,-0.0907136,5.42102,0.575717,-5.27446,17.3202,7.23117,-0.0618047,36.9256,18.2415,-12.7685,0.952988687
2.988959127,32.2217,3.32435,-23.0792,3.51324,-0.0650321,11.6246,0.381653,-5.63733,12.6532,6.8416,-0.0392496,33.6992,16.8844,-11.9364,0.941675804
3.176298837,29.1331,3.02211,-21.4726,3.30716,-0.0383816,18.1249,0.134042,-5.83484,7.69923,6.58389,-0.0145679,30.0816,15.4248,-11.0815,0.927640341
3.526312948,24.6649,2.74835,-19.9855,2.96682,-0.0142792,23.0281,-0.126976,-5.83719,2.56541,6.55949,0.0134149,26.1756,13.9504,-10.2405,0.904019684
4.38373392,18.8089,2.50323,-18.6293,2.49513,0.00197153,24.2287,-0.315785,-5.48997,-2.56687,6.78711,0.0371012,22.215,12.5481,-9.43903,0.874312
8.191566689,11.8701,2.28614,-17.4095,1.89789,0.00733297,20.5217,-0.404202,-4.65974,-7.46246,7.23452,0.0551397,18.534,11.3326,-8.68936,0.838437057
2.43725866,39.2037,6.4144,-42.5713,4.0589,0.0257871,5.04663,1.43609,-4.54825,24.337,50.6215,0.157966,29.6674,-2.95376,-12.9816,0.890908199
2.607041952,37.3123,6.25823,-41.9186,4.11275,0.0272113,10.8161,1.27204,-5.41919,20.4512,49.7752,0.137152,27.5958,-4.71253,-12.1525,0.871453236
2.864214485,33.854,6.00236,-40.8191,4.04847,0.0254212,17.3637,1.02365,-6.11528,16.0959,48.5641,0.101427,24.9954,-7.40439,-10.9026,0.839679021
3.278284256,28.7797,5.66283,-39.3009,3.81721,0.0259002,23.4487,0.724924,-6.59544,11.3483,47.013,0.0518653,21.9598,-10.7684,-9.32256,0.802165041
4.072739145,22.2481,5.26322,-37.4244,3.37727,0.0264048,26.8964,0.397016,-6.73765,6.33546,45.1173,-0.000448954,18.7062,-14.2832,-7.53767,0.760744766
6.419159079,14.7281,4.83206,-35.287,2.71585,0.0285811,25.3908,0.0683713,-6.31694,1.25883,42.9113,-0.0469227,15.5577,-17.3012,-5.68777,0.717527321
3.659763779,25.5827,12.247,-38.4028,3.80955,-0.0649278,22.352,-0.313746,-6.05292,11.9795,40.7529,0.0016248,33.7443,12.5716,-19.5121,0.877645932
4.045231856,22.6393,11.5945,-36.9945,3.56968,-0.0883654,24.0436,-0.334415,-6.18463,10.3262,39.8385,-0.0213926,32.4883,11.8814,-19.7481,0.863132577
4.642296308,19.4215,10.9272,-35.4946,3.27388,-0.110348,24.8347,-0.349065,-6.16853,8.67714,39.0531,-0.0407686,31.0877,11.014,-19.9977,0.84856257
5.748742178,15.9582,10.2575,-33.9268,2.93119,-0.127462,24.532,-0.362488,-5.97349,7.03114,38.4263,-0.0533262,29.5475,9.97969,-20.2597,0.833080972
8.547461246,12.2929,9.59571,-32.3151,2.54661,-0.141598,22.9885,-0.379403,-5.59316,5.3894,37.9621,-0.0579172,27.8876,8.80302,-20.5314,0.817347012
29.57686418,8.48764,8.95137,-30.6853,2.13641,-0.153239,20.3177,-0.400003,-5.01163,3.75634,37.6415,-0.0534641,26.143,7.52323,-20.8088,0.800938372
5.977079909,24.9804,5.72391,-31.3836,2.83169,-0.102082,17.7391,0.223231,-4.36989,2.0325,39.9669,0.0490133,17.1237,0.0814794,-8.8764,0.73328785
6.480833369,22.426,5.74008,-31.4568,2.65046,-0.10378,18.4609,-0.0164323,-4.34867,0.0381304,40.2809,0.0555289,15.4293,-1.20404,-8.71394,0.703212238
7.279951664,19.5581,5.7393,-31.4533,2.43713,-0.106108,18.4694,-0.18909,-4.20751,-1.87323,40.614,0.0555857,13.8033,-2.5637,-8.55419,0.671599985
8.723994053,16.4256,5.71853,-31.3592,2.1982,-0.107491,17.7485,-0.295947,-4.00209,-3.68951,40.9458,0.054305,12.2686,-3.96178,-8.40305,0.638426053
12.05163895,13.0962,5.67649,-31.1683,1.95179,-0.1088,16.4488,-0.358214,-3.80362,-5.40115,41.2524,0.0479636,10.8486,-5.35476,-8.26667,0.603449463
25.44385487,9.65203,5.61403,-30.8831,1.69573,-0.108057,14.5968,-0.364724,-3.52429,-7.0007,41.5075,0.0457021,9.56681,-6.69445,-8.15131,0.566135049
6.21612866,25.1572,4.2876,-20.374,3.24978,-0.281,20.5164,-0.0330581,-6.85198,13.8547,7.98886,0.0714747,33.1694,23.4204,-15.8182,0.887091991
6.731581698,22.671,3.88968,-18.5891,3.0559,-0.269777,23.8369,-0.049085,-6.91067,11.2057,6.16048,0.050614,30.5658,22.4791,-14.8666,0.867887966
7.596881953,19.7021,3.47536,-16.6893,2.81168,-0.25885,26.2384,-0.0818374,-6.85322,8.46544,4.26232,0.0321753,27.7945,21.3593,-13.7933,0.847824975
9.332715518,16.2465,3.05173,-14.706,2.52204,-0.24419,27.2808,-0.114075,-6.64195,5.66026,2.3604,0.0157584,24.8985,20.073,-12.6265,0.827710856
14.20535758,12.3296,2.62585,-12.6745,2.1887,-0.226883,26.608,-0.148858,-6.20021,2.82894,0.514322,0.00249662,21.9348,18.6467,-11.3961,0.807525155
80.67200609,8.01507,2.20413,-10.6298,1.81418,-0.216711,24.0651,-0.20991,-5.45288,0.023174,-1.22585,-0.0057917,18.9741,17.1208,-10.133,0.786710569
7.910776044,18.8482,1.73624,-8.87709,2.6487,-0.243228,12.9918,0.243131,-3.06371,6.68647,21.3281,-0.0774639,23.8899,-6.73904,-3.53509,0.715552465
8.592827555,17.2361,1.6308,-8.35029,2.48944,-0.222725,14.0134,0.143041,-3.21632,5.16069,21.6398,-0.0640098,22.5354,-7.5145,-3.53329,0.683683137
9.690739272,15.4013,1.50554,-7.72257,2.3039,-0.202357,14.5831,0.0590472,-3.28985,3.62708,21.8972,-0.0530744,21.1425,-8.34951,-3.52035,0.650282637
11.69484984,13.354,1.36122,-6.997,2.09299,-0.182249,14.6141,-0.00548462,-3.27583,2.09272,22.0936,-0.0421392,19.7226,-9.23619,-3.49254,0.615209496
16.37087631,11.1106,1.20021,-6.18477,1.85985,-0.158133,14.0579,-0.0435043,-3.18952,0.565048,22.2269,-0.0299079,18.2885,-10.1635,-3.44676,0.578549308
38.41484468,8.69508,1.02651,-5.30573,1.61794,-0.138627,13.0038,-0.0601473,-3.03181,-0.948436,22.2987,-0.0189198,16.8554,-11.1168,-3.38072,0.539549564
3.610898458,24.0265,2.6003,-20.7255,3.63903,0.0984498,14.2942,-0.162998,-6.61107,-1.20292,12.6937,0.138567,25.9386,16.5143,-12.3315,0.987693179
3.803575345,22.4074,2.1468,-18.1487,3.48191,0.0956016,20.0997,-0.295413,-7.07473,-3.52332,11.3591,0.165102,23.1488,14.8499,-12.2201,0.985054063
4.124575457,20.2261,1.65715,-15.2778,3.25537,0.0948053,25.7257,-0.384035,-7.39966,-5.85752,9.88213,0.183013,20.1964,12.747,-11.9606,0.982065652
4.771309212,17.3856,1.14139,-12.1655,2.96762,0.0869538,30.3787,-0.517333,-7.50376,-8.21921,8.35496,0.198308,17.1227,10.2465,-11.6109,0.979131575
6.49088321,13.7803,0.610496,-8.88314,2.62728,0.0787307,33.0485,-0.671471,-7.36757,-10.5861,6.84482,0.20456,13.9954,7.4194,-11.2166,0.975789988
17.49835706,9.31725,0.0795796,-5.5401,2.24552,0.0652911,32.9025,-0.767285,-6.96036,-12.9042,5.39072,0.201811,10.9081,4.37334,-10.8081,0.970240082
30.38714298,7.39911,0.0190745,-1.85212,0.226042,-0.00841666,-0.776785,0.272848,-0.694359,43.4416,-8.7874,0.120091,37.516,4.61362,2.25629,0.996550779
5.668562253,8.65731,0.0732082,-2.12712,0.526116,-0.0472833,-2.26162,0.542346,0.0622175,41.476,-8.08597,0.0529893,37.3298,4.4084,2.09482,0.997577997
4.675278659,16.5877,-1.43612,5.53122,2.87328,-0.0582829,22.0698,0.572443,-5.82277,4.82449,-10.57,0.0097283,21.3117,3.78607,-1.74029,0.835233249
5.72268728,14.1712,-1.68556,6.78498,2.62427,-0.0327716,22.7257,0.414234,-5.86679,3.15885,-10.7279,0.0238217,19.9966,2.84661,-1.41552,0.815519196
8.501682906,11.408,-1.92456,7.98014,2.35483,-0.00644247,22.4855,0.268787,-5.77418,1.53408,-10.8149,0.0357981,18.7389,1.81116,-1.05113,0.790849555
29.69759106,8.31329,-2.14213,9.06197,2.06518,0.00749512,21.3206,0.170022,-5.49868,-0.0473783,-10.7802,0.0377021,17.5533,0.677301,-0.656219,0.763034264
13.30006952,8.29131,5.2884,-25.1781,0.675545,-0.0313759,-3.66313,0.218869,-0.161497,50.6142,23.3149,-0.12854,36.6031,-5.40102,6.8553,0.985791263
7.023403086,10.365,5.38985,-25.5672,1.08801,-0.0556922,-6.28349,0.2098,-1.13736,49.1473,23.4239,-0.120313,37.0659,-4.71612,6.57118,0.991744179
5.592599795,17.8941,3.30794,-17.0914,2.91282,-0.0432548,20.2337,0.955891,-6.38844,13.9082,23.5175,-0.138708,28.8728,-2.72299,-4.67497,0.892077747
6.638645714,15.4708,3.06625,-16.0452,2.68953,-0.038737,21.2321,0.89106,-6.28329,11.8384,23.5402,-0.134671,26.9171,-3.65483,-4.93431,0.876829816
8.941460639,12.7473,2.81805,-14.9591,2.43877,-0.0333798,21.4992,0.813708,-6.05038,9.74337,23.5785,-0.127184,24.9055,-4.67945,-5.15958,0.860318173
17.52101548,9.73271,2.56662,-13.8472,2.16065,-0.0302533,20.8977,0.713359,-5.66947,7.63205,23.64,-0.115371,22.854,-5.78889,-5.34941,0.842892424
2.686659637,25.8924,2.1973,-22.1708,3.50086,0.0515005,20.068,-0.494235,-4.79826,13.539,4.56843,-0.162185,38.7744,17.6557,-7.95123,0.953495328
2.797147389,23.7299,2.03257,-20.8406,3.24555,0.0504776,22.7768,-0.526611,-5.04575,11.3006,4.82402,-0.134013,36.9408,16.363,-7.698,0.949578129
2.990574026,21.1725,1.84603,-19.3053,2.95627,0.0463226,24.6066,-0.537526,-5.19309,9.01535,5.09986,-0.108186,34.9908,14.87,-7.46827,0.944397007
3.350776883,18.2194,1.63503,-17.5332,2.6343,0.0392099,25.2902,-0.510582,-5.22144,6.69486,5.37463,-0.089218,32.9358,13.1775,-7.2575,0.935602607
4.140932006,14.8841,1.40083,-15.5247,2.28779,0.0309859,24.6508,-0.45395,-5.10729,4.34997,5.63073,-0.0715547,30.7896,11.3114,-7.05906,0.924970211
6.676795292,11.1971,1.14899,-13.3203,1.92149,0.0220347,22.5851,-0.36443,-4.83877,1.99048,5.85402,-0.0520339,28.5692,9.32365,-6.8652,0.913773391
10.57698068,9.03143,3.76682,-38.3612,1.8424,-0.190771,-8.50939,0.0865796,1.15227,29.5087,17.1393,-0.0564218,30.8171,9.37894,-13.9037,0.996167216
5.476971062,11.1015,3.79325,-38.5475,2.07378,-0.194123,-9.70074,0.0426247,1.16386,28.4612,16.8922,-0.0354504,31.8888,10.1766,-14.057,0.996433213
3.989828355,13.129,3.7978,-38.5795,2.29865,-0.188916,-10.6812,-0.0159682,0.936045,27.508,16.3031,-0.0242048,33.052,11.1452,-14.1963,0.996650848
3.591563897,17.2676,3.09386,-33.2801,3.4867,0.0442452,23.6043,0.0178199,-5.81764,4.8084,6.59618,-0.0232402,28.3259,18.727,-12.8698,0.98100535
4.63188095,14.3639,2.94654,-32.079,3.21953,0.0488561,25.4834,0.00195855,-5.87247,2.53747,6.64018,-0.00915862,26.2338,17.3193,-12.5174,0.975080857
7.755253283,11.0526,2.78413,-30.7173,2.89922,0.0503887,25.9404,-0.0121621,-5.7941,0.259305,6.61937,0.00464646,24.0766,15.8073,-12.1544,0.968848049
2.263390062,26.3156,-0.93645,-1.31987,2.21136,-0.0966924,17.8734,0.534514,-4.67098,0.396839,-2.40607,0.0769236,26.3406,-1.67633,-10.7593,0.92892138
2.451127399,23.6024,-1.23413,-0.068271,2.07283,-0.0798332,18.9546,0.339047,-4.79415,-1.63997,-2.89554,0.0813366,24.9999,-2.26637,-10.6554,0.912555284
2.754137708,20.5127,-1.51334,1.10573,1.90822,-0.0625191,19.0726,0.210243,-4.73872,-3.59469,-3.34117,0.0759555,23.7768,-2.85095,-10.5702,0.89450702
3.261584299,17.1157,-1.76743,2.17332,1.69888,-0.0532412,17.9875,0.0966506,-4.43058,-5.4522,-3.74351,0.0706004,22.691,-3.41865,-10.5083,0.875056948
4.319140909,13.5134,-1.9893,3.1043,1.4424,-0.0448475,15.6908,0.027967,-3.88386,-7.1987,-4.10476,0.0633949,21.7612,-3.95633,-10.4722,0.852887372
8.347139566,9.83487,-2.17256,3.872,1.15399,-0.0415217,12.5282,-0.0354491,-3.24265,-8.822,-4.42783,0.0546715,21.0056,-4.45011,-10.4626,0.830220154
2.111448627,27.2761,3.98905,-37.6953,2.47112,0.377742,16.391,0.98117,-4.51945,14.7345,24.1108,-0.0952766,36.2174,15.1166,-12.2854,0.890276238
2.187313952,24.622,3.94351,-37.3908,2.24072,0.34782,17.3115,0.866125,-4.47325,12.8425,24.6645,-0.0829551,34.9567,14.2079,-12.3101,0.872723328
2.320999766,21.5277,3.86351,-36.8498,1.97428,0.307968,17.3877,0.769419,-4.29109,10.9943,25.0779,-0.0730042,33.6765,13.1821,-12.3199,0.854813672
2.590761587,18.0107,3.74333,-36.0223,1.67953,0.265124,16.5422,0.694585,-3.94412,9.16874,25.3316,-0.0656895,32.3501,12.0357,-12.3097,0.83649906
3.261548073,14.1132,3.58005,-34.8694,1.3636,0.213032,14.6986,0.605222,-3.40784,7.34212,25.4109,-0.0539936,30.9503,10.7748,-12.2764,0.81745167
6.429242156,9.90604,3.37423,-33.3683,1.04518,0.158014,12.0374,0.499043,-2.74767,5.49206,25.3045,-0.0381314,29.457,9.417,-12.2194,0.797271369
20.68455857,8.06201,3.94192,-25.2796,0.715821,0.166799,-3.94366,-0.474021,0.064069,40.6336,21.4625,-0.210781,45.83,-3.54773,-4.33636,0.958004313
9.586047307,10.2359,4.11076,-25.9972,1.25677,0.271756,-7.37631,-0.716129,-0.699358,38.3217,21.4581,-0.319265,45.5005,-2.95962,-4.73638,0.963333839
7.429272189,12.4977,4.28318,-26.7209,1.70888,0.357486,-10.2469,-0.850999,-1.61346,36.1532,21.4017,-0.386038,45.2601,-2.34868,-5.15984,0.967749033
7.651909936,15.3691,3.02728,-21.2417,2.7043,0.632109,18.7305,-0.19446,-5.9047,9.76597,24.4439,-0.281867,40.9276,-1.55958,-15.2916,0.995804832
9.722117291,12.9581,2.67125,-19.604,2.43023,0.55869,19.6592,-0.184502,-5.77525,7.61628,23.5068,-0.258103,39.3808,-2.31536,-14.9197,0.993193853
16.57806183,10.1743,2.3072,-17.8935,2.12844,0.479523,19.6378,-0.166508,-5.5033,5.34974,22.4241,-0.227484,37.7289,-3.08344,-14.4986,0.985913427
9.271514575,9.84425,-0.259148,-2.52999,1.64999,-0.103054,-13.1949,0.424919,2.06613,39.2855,-25.2473,-0.280328,44.6512,0.970496,-2.62239,0.998648411
5.355636392,12.3288,-0.107624,-3.48858,1.86469,-0.111822,-14.2541,0.326257,2.27986,38.1747,-25.6031,-0.300993,46.1438,2.181,-3.20764,0.999777355
4.001710907,14.6378,0.0257124,-4.3305,2.01605,-0.113457,-14.4741,0.0758444,2.11505,37.1106,-25.8761,-0.266698,47.4897,3.23578,-3.83976,0.999766877
3.374910895,16.7459,0.137715,-5.03627,2.17252,-0.107907,-14.4096,-0.0580756,2.20388,36.083,-26.0505,-0.243556,48.6684,4.1348,-4.51813,0.99832885
4.891787202,11.8944,-3.64379,18.2854,1.55862,0.0796194,18.5745,-0.379923,-4.30781,-3.1192,-21.1445,-0.0092879,30.9908,1.59917,-16.4284,0.725504423
79.6944571,7.51585,-4.17396,21.2584,1.26387,0.0642398,16.5017,-0.420619,-3.96151,-5.16309,-21.8683,0.00200927,28.7212,0.74452,-16.5331,0.701084152
4.548605876,28.182,5.56287,-27.5028,2.78783,0.235164,13.9378,0.568721,-6.06456,7.18473,20.7946,0.0891403,22.8662,7.38691,-11.4147,0.917018221
4.868415354,26.0269,5.24523,-26.1049,2.69643,0.215945,17.7409,0.460686,-6.14077,4.67905,18.5042,0.0899593,20.8002,6.45621,-10.3825,0.906327976
5.3757947,23.3622,4.94208,-24.738,2.57788,0.197621,21.4173,0.37206,-6.17751,2.0571,16.322,0.0912744,18.478,5.36645,-9.27926,0.894543729
6.259540186,20.1272,4.65646,-23.4216,2.42445,0.176906,24.5038,0.274948,-6.18444,-0.674725,14.3124,0.093257,15.912,4.10758,-8.12515,0.882876875
8.150318181,16.2827,4.38762,-22.1576,2.24061,0.153363,26.5997,0.162576,-6.12786,-3.5038,12.5246,0.0931774,13.1262,2.66511,-6.94003,0.870513157
14.37165222,11.8277,4.13263,-20.9369,2.02376,0.127381,27.2653,0.0433864,-5.97902,-6.41106,10.9909,0.0892104,10.1576,1.02961,-5.74314,0.857799758
41.26463364,8.22954,3.72542,-19.8593,2.31929,0.107101,-15.1754,-0.338199,-0.98759,34.8374,12.4613,-0.16003,35.4939,-0.127452,3.47422,0.999745742
14.09380071,10.6362,3.86837,-20.5296,2.79878,0.122155,-18.3458,-0.27947,-3.05418,32.9102,12.0565,-0.158684,34.7423,0.783738,3.40449,0.999481949
9.851302215,12.9766,3.99499,-21.1182,3.29866,0.140477,-20.6727,-0.160401,-3.49132,31.0639,11.6969,-0.159731,34.0599,1.65751,3.23437,0.999189553
10.19964795,13.8235,2.30385,-12.8993,3.91279,0.255317,30.4872,-0.755169,-7.15961,6.57443,11.0458,0.00712931,22.7389,-1.99928,-0.964974,0.970674515
15.81018531,11.1615,1.83407,-10.498,3.62614,0.237762,33.8145,-0.715842,-7.53821,4.10156,10.6425,0.00346339,21.0055,-3.81104,-0.749897,0.963777766
75.68140608,8.01213,1.3249,-7.85213,3.27176,0.220243,35.3667,-0.631793,-7.54548,1.61251,10.0952,-0.00728626,19.1309,-5.80745,-0.40878,0.95370597
12.74279005,8.82276,1.5579,-15.9614,1.33527,-0.165374,-6.5892,1.82984,0.773853,45.4849,9.13891,-0.321807,37.2106,0.930819,-4.9439,0.99974973
7.462145935,10.8478,1.7005,-17.1884,1.80282,-0.233653,-8.93699,1.28242,-1.55387,43.9508,9.41516,-0.261459,38.0861,1.86678,-5.10455,1
6.011592513,12.8851,1.84961,-18.4541,2.26854,-0.296079,-11.1543,0.793607,-2.87728,42.4727,9.80875,-0.211875,39.0922,2.8169,-5.26897,0.999910618
5.764807128,13.8656,1.81413,-18.1546,2.54823,-0.0199265,20.2655,0.227664,-5.35184,6.33279,15.2376,-0.172286,30.791,2.31344,-2.93129,0.881699927
8.871798437,11.0489,1.59958,-16.3217,2.26302,-0.0174509,20.6177,0.229869,-5.18753,3.89789,14.9484,-0.176922,28.7415,0.902899,-2.65043,0.867863591
49.10150444,7.86742,1.36217,-14.2526,1.94446,-0.0193392,19.8464,0.235291,-4.87233,1.469,14.7282,-0.17588,26.5545,-0.659491,-2.39489,0.853341993
31.53908199,7.31258,-0.435408,2.491,0.0610357,-0.0532379,-0.135388,0.344259,0.699703,36.8985,-0.751553,0.0257861,26.2333,-11.8141,-8.56686,0.977415756
2.138336979,28.1274,0.0568441,-2.31457,3.5533,-0.620788,-10.9628,1.4701,-0.192763,28.4577,-7.93254,-0.36014,46.6158,-4.68519,-10.5276,0.999824985
2.136596984,28.997,0.0181445,-1.93707,3.68721,-0.613076,-8.81488,1.47283,-0.597413,27.0065,-8.0965,-0.365439,46.3823,-4.74766,-10.4149,0.999948954
2.131067804,29.6559,-0.0317813,-1.44982,3.78045,-0.599337,-6.1509,1.41137,-1.20172,25.4291,-8.1546,-0.344322,45.8755,-4.86381,-10.2788,1
2.258228689,11.3236,-1.55035,13.1466,0.769536,-0.118303,6.44468,-0.135827,-1.90116,1.32544,-7.80107,0.0699251,27.1709,-7.95415,-7.16603,0.896347288
4.035188147,8.69513,-1.6247,13.8331,0.48322,-0.0873864,3.8991,-0.047994,-1.064,0.257735,-7.90273,0.0621995,26.4744,-8.03002,-6.94098,0.875090242
1.670391094,22.6717,0.627333,-7.83903,1.95868,-0.0153348,12.1187,-0.195184,-3.64603,-8.00502,-16.094,0.0260353,25.3268,28.5735,-4.86768,0.890351678
1.722794794,20.5093,0.489438,-6.85053,1.74915,-0.00384771,12.3841,-0.320793,-3.61792,-10.4217,-16.4157,0.0398292,23.7708,27.8435,-4.83844,0.877450284
1.797844598,18.0609,0.376919,-6.04084,1.4998,0.00849932,11.6728,-0.342954,-3.4538,-12.7273,-16.7404,0.0416616,22.4112,27.2019,-4.84608,0.862290471
1.928730601,15.3829,0.293008,-5.43539,1.21999,0.0191144,10.0586,-0.262925,-3.12469,-14.8959,-17.0794,0.0351779,21.28,26.6758,-4.89162,0.84371598
2.203628191,12.5582,0.239814,-5.05093,0.916032,0.0287233,7.73144,-0.111273,-2.55237,-16.905,-17.4405,0.024882,20.4055,26.2833,-4.97465,0.824032565
3.323814006,9.69202,0.217936,-4.89267,0.636027,0.0349203,5.32496,0.0302303,-1.90928,-18.736,-17.8282,0.0167777,19.8111,26.0324,-5.0935,0.801955494
2.971083259,26.4251,3.76829,-22.3375,3.26072,0.643285,27.8793,-1.29591,-6.12595,19.305,26.7046,-0.199882,33.1975,-2.99215,-1.29758,0.945023022
3.175129932,23.4855,3.57184,-21.4453,2.97979,0.591533,29.3632,-1.16619,-6.09327,16.4971,26.5075,-0.185093,31.0453,-4.91959,-0.336232,0.93350171
3.538492775,20.1177,3.34253,-20.3896,2.66105,0.531874,29.5092,-1.03207,-5.91594,13.6401,26.1071,-0.172073,28.8814,-6.85747,0.66149,0.92118009
4.28756956,16.3505,3.08281,-19.1759,2.30694,0.461319,28.1161,-0.884349,-5.5563,10.7639,25.5369,-0.155766,26.7365,-8.7601,1.67173,0.908302412
6.476778429,12.2367,2.79783,-17.8228,1.92916,0.386595,25.2542,-0.69941,-5.055,7.90368,24.84,-0.134001,24.6408,-10.5821,2.67,0.894250257
44.29548229,7.85598,2.49554,-16.3642,1.53176,0.299769,20.9974,-0.465882,-4.2758,5.09806,24.0657,-0.0949596,22.6238,-12.281,3.63208,0.8774386
2.856440952,33.0368,3.39083,-23.4276,3.45711,-0.101519,9.11594,0.170025,-4.84838,12.4698,2.62249,-0.122271,35.5564,18.0798,-7.53364,0.94610297
2.995209169,30.5521,3.17058,-22.2665,3.30449,-0.0767226,14.4464,-0.0693931,-5.18422,7.70211,2.88095,-0.0841763,32.1459,16.9233,-7.12802,0.920236043
3.205087194,26.9151,2.92072,-20.9252,3.02186,-0.0511606,18.6683,-0.323248,-5.31288,2.72596,3.14328,-0.041965,28.5884,15.6348,-6.69961,0.891360562
3.598626279,22.154,2.62846,-19.325,2.61283,-0.0291503,20.3471,-0.521727,-5.14402,-2.28096,3.29088,-0.00255387,25.0749,14.3084,-6.25171,0.85875547
4.553353145,16.5047,2.29918,-17.4833,2.08959,-0.0118187,18.4813,-0.601145,-4.59879,-7.11763,3.23735,0.0279605,21.8229,13.0869,-5.7847,0.824253249
9.324585305,10.4611,1.97226,-15.6166,1.50283,-0.00781718,13.5379,-0.566859,-3.6854,-11.5892,2.96619,0.0548591,19.0558,12.1552,-5.30041,0.788284047
2.963310637,35.8907,6.03311,-40.9533,4.47655,0.0255435,6.78937,1.50979,-4.8568,19.6619,48.5272,0.108344,-155.575,-6.322937015,-13.0237,0.952352188
3.252805446,33.0576,5.57928,-38.9167,4.4727,0.0237171,13.8377,1.36957,-5.74126,15.9109,47.8724,0.0933277,-157.727,-6.323147447,-12.6104,0.932957961
3.69054759,28.805,5.0352,-36.3088,4.30192,0.0119561,21.334,1.05812,-6.5056,11.7902,46.8283,0.0725305,-160.44,-6.32348685,-11.8158,0.910658555
4.462726126,23.2042,4.4409,-33.2436,3.92417,0.00125793,27.0253,0.700739,-7.0367,7.42225,45.4022,0.0356111,-163.56,-6.324029854,-10.6948,0.887064762
6.387133079,16.5397,3.85075,-29.9682,3.33992,-0.00146921,28.0748,0.403487,-7.17262,2.97424,43.576,-0.0200082,-166.77,-6.651472279,-9.33582,0.850778789
20.67181409,9.4213,3.33563,-26.9182,2.55094,0.00167886,22.8717,0.172531,-6.48681,-1.34033,41.3657,-0.0622572,-169.635,-5.723530605,-7.84619,0.808387626
3.632606827,27.1183,11.4999,-36.7855,4.07666,-0.0812764,22.0382,0.48704,-6.3017,10.8942,40.0974,0.0597197,34.1149,13.8294,-16.4403,0.927346594
3.925016145,24.454,10.8733,-35.3705,3.84872,-0.0967054,24.1348,0.414604,-6.55963,9.38207,38.9992,0.0377196,33.1574,13.2728,-16.6834,0.917008992
4.348286839,21.5194,10.2407,-33.8866,3.57096,-0.110849,25.5039,0.348832,-6.67219,7.88003,37.9475,0.0148789,32.0895,12.5869,-16.879,0.904745574
5.026341133,18.3269,9.61627,-32.3661,3.23699,-0.126003,25.8285,0.283099,-6.60195,6.38408,37.0088,-0.00827506,30.9056,11.7734,-17.0341,0.888468467
6.361420023,14.901,9.01122,-30.8392,2.85819,-0.140568,24.9314,0.206088,-6.29778,4.89178,36.224,-0.0240338,29.6128,10.847,-17.1559,0.868829661
10.23615337,11.284,8.43476,-29.3351,2.44294,-0.151074,22.762,0.115244,-5.77763,3.40331,35.607,-0.0320707,28.2316,9.83667,-17.2522,0.846217335
6.455321316,23.0007,5.46345,-30.1885,2.73481,-0.138234,16.2601,-0.284006,-3.73839,2.78283,41.4555,0.0297611,15.2857,-2.10079,-8.39,0.858575077
7.102996334,20.4281,5.34112,-29.6168,2.53892,-0.133897,16.7475,-0.399174,-3.77979,1.02025,41.4541,0.0383197,13.6881,-3.28208,-8.52822,0.837698807
8.17324842,17.6206,5.1979,-28.9389,2.31937,-0.130425,16.5502,-0.461964,-3.72051,-0.659883,41.3841,0.0442333,12.1635,-4.47178,-8.66324,0.815746907
10.21065293,14.6385,5.03554,-28.1595,2.08206,-0.126954,15.68,-0.452746,-3.55523,-2.24861,41.237,0.0494938,10.7379,-5.63577,-8.79794,0.79200092
15.4198418,11.5531,4.85867,-27.297,1.84308,-0.119121,14.3092,-0.382166,-3.37241,-3.73852,41.007,0.0531428,9.43611,-6.73579,-8.93481,0.766054406
48.98911481,8.44146,4.6745,-26.3842,1.59802,-0.108804,12.498,-0.303137,-3.16943,-5.12383,40.691,0.0557739,8.28158,-7.73164,-9.07584,0.738371281
6.822317766,24.6659,4.76167,-22.4464,3.47458,-0.324653,16.134,0.0504367,-7.01706,14.94,8.22214,0.0718275,35.2621,23.9359,-13.8378,0.9157131
7.32008749,22.7446,4.40393,-20.888,3.33811,-0.317089,19.8023,0.0942426,-7.18413,12.5303,6.80448,0.0582741,32.9543,23.1152,-13.2761,0.907529535
8.091713101,20.3884,4.02479,-19.1996,3.15297,-0.308222,23.0578,0.119153,-7.26048,10.0056,5.22249,0.0467971,30.4359,22.1174,-12.505,0.896812832
9.440437767,17.5798,3.63082,-17.4069,2.91767,-0.293054,25.4866,0.129609,-7.20939,7.37188,3.52041,0.0368354,27.7315,20.9464,-11.5538,0.882351014
12.32778944,14.3172,3.2293,-15.5421,2.63091,-0.275467,26.6534,0.125409,-6.98906,4.64267,1.75159,0.0284273,24.8792,19.6146,-10.4624,0.867113969
22.43906158,10.6209,2.82764,-13.6416,2.29817,-0.253202,26.2483,0.106812,-6.5211,1.84336,-0.0253578,0.0214694,21.9312,18.1428,-9.27826,0.851265477
8.368678212,19.3283,1.7705,-9.04796,2.91361,-0.249654,11.9155,0.662391,-2.70851,10.972,19.5742,-0.105315,26.5772,-5.41969,-0.733919,0.852213393
8.927046029,17.9747,1.70741,-8.7332,2.77134,-0.229538,13.4419,0.549471,-2.91125,9.40411,20.0274,-0.0919854,25.2959,-6.1571,-0.597824,0.865503628
9.782564168,16.381,1.62374,-8.31497,2.598,-0.207749,14.567,0.450962,-3.07287,7.82236,20.4494,-0.0803467,23.9538,-6.97462,-0.457166,0.877766112
11.21988134,14.5499,1.51813,-7.78574,2.39433,-0.186436,15.1785,0.360032,-3.15403,6.23303,20.8327,-0.0674285,22.5585,-7.87059,-0.310131,0.889170121
14.08254441,12.4903,1.39055,-7.14466,2.16761,-0.166317,15.2248,0.291785,-3.14277,4.64324,21.1719,-0.0556255,21.1197,-8.83839,-0.154887,0.900044133
21.96363444,10.2187,1.24273,-6.39957,1.91842,-0.143195,14.6388,0.248559,-3.05981,3.06086,21.4635,-0.0438142,19.6503,-9.86544,0.0101718,0.910426436
4.938625357,17.4488,4.60766,-31.0461,3.09025,0.150384,-5.18427,2.5084,-10.9307,23.2574,13.2053,-0.0786254,33.1247,15.3781,2.76146,0.997248294
4.702178584,18.1796,4.667,-31.3229,3.14611,0.0107344,-5.96122,-0.157081,-8.60126,21.7225,12.3462,0.272473,33.2392,16.8336,1.4834,0.999817953
5.016325812,18.2717,1.78535,-16.0378,3.38362,0.0742421,23.0741,-0.267223,-5.83302,-6.3661,11.3572,0.171705,17.9386,11.4594,-12.0307,0.978623517
5.893957473,15.769,1.29397,-13.0948,3.09581,0.0718785,27.3286,-0.430752,-6.13301,-8.53395,10.1601,0.178224,14.9003,8.94656,-11.5552,0.97407585
8.255993357,12.6463,0.793142,-10.0203,2.76838,0.0688033,29.8914,-0.565498,-6.44726,-10.6917,8.98287,0.195268,11.857,6.22802,-11.0985,0.969524683
24.14687238,8.85726,0.290739,-6.87561,2.39926,0.0625037,30.0936,-0.710774,-6.45355,-12.7951,7.83798,0.204666,8.903,3.38588,-10.7148,0.964724952
3.265215264,21.7519,-0.406914,0.313928,3.06654,-0.0380923,19.9319,0.739738,-6.0561,12.3758,-10.8839,-0.0283573,29.2443,5.07416,1.46573,0.965374733
3.502009377,19.7677,-0.71262,1.86817,2.85714,-0.0234928,21.9498,0.637366,-6.1657,10.3635,-11.5827,-0.0203818,27.4689,4.53354,1.92481,0.958806143
3.930852988,17.4022,-1.03473,3.50275,2.62014,-0.010103,23.2073,0.532095,-6.12283,8.34922,-12.2378,-0.0144152,25.6656,3.90174,2.39681,0.951933074
4.822812436,14.6382,-1.36375,5.1664,2.35799,-0.00016069,23.5151,0.442656,-5.96416,6.33706,-12.7818,-0.00893482,23.8463,3.1542,2.87103,0.943879218
7.382925159,11.472,-1.68838,6.79913,2.07629,0.00437439,22.7955,0.377455,-5.68326,4.33185,-13.157,-0.00362792,22.0234,2.2717,3.33785,0.931688896
41.54503583,7.91903,-1.99587,8.33538,1.77828,0.0029572,21.0482,0.295752,-5.19541,2.33978,-13.3208,0.00334902,20.2112,1.2453,3.78896,0.918176687
10.58001287,9.9041,5.56496,-26.2326,1.39545,-0.0662917,-10.0652,0.914401,-0.178151,45.7093,22.3514,-0.264469,35.6359,-7.95187,2.43868,0.9941513
6.449369646,12.5144,5.67471,-26.6457,1.6853,-0.0792948,-11.8388,1.04481,0.0435617,44.3845,22.2435,-0.262759,36.8505,-6.50499,2.055,0.99679788
6.591588942,16.0941,3.22324,-16.7261,2.86787,-0.0460576,19.508,0.885709,-6.32253,13.4979,23.7203,-0.138354,28.9541,-4.69299,-10.7907,0.892494341
8.237657998,13.711,3.0018,-15.7643,2.63503,-0.0409418,20.3755,0.825431,-6.18622,11.2723,23.8931,-0.132983,27.0294,-5.59877,-10.9567,0.877843262
12.60420158,11.0407,2.79199,-14.8444,2.37624,-0.0343889,20.539,0.754199,-5.91271,9.00335,24.1128,-0.123363,25.0096,-6.59398,-11.069,0.860500745
51.74399529,8.08726,2.59637,-13.9794,2.09405,-0.026718,19.8813,0.658889,-5.49398,6.70823,24.3801,-0.107651,22.9252,-7.6682,-11.1291,0.843555043
3.023794154,23.5995,1.94212,-20.1,3.48228,0.0613078,21.9992,0.260481,-4.73844,13.9561,3.14399,-0.0749152,37.5836,18.0496,-10.6704,0.955724886
3.211247136,21.3379,1.77033,-18.6738,3.2104,0.0607032,24.1881,0.196257,-4.95683,12.0495,3.4529,-0.0573587,35.7452,16.7772,-10.4653,0.946813507
3.537202557,18.7131,1.5729,-17.0045,2.90158,0.0575581,25.3807,0.159046,-5.06747,10.1379,3.63184,-0.0445154,33.8505,15.4107,-10.2758,0.937461842
4.192289156,15.7294,1.34953,-15.0792,2.56663,0.0512974,25.4084,0.147737,-5.09147,8.22392,3.69719,-0.0325324,31.9049,13.9409,-10.0906,0.924388297
5.882755741,12.403,1.10341,-12.9167,2.20659,0.0418565,24.0843,0.155333,-4.97811,6.3072,3.67298,-0.0186859,29.9162,12.3726,-9.8969,0.907528296
16.6721335,8.76464,0.841143,-10.5702,1.8256,0.0290652,21.4101,0.172626,-4.66232,4.38538,3.58485,-0.00650646,27.8971,10.7265,-9.68225,0.889799465
17.21859375,8.31984,3.56496,-36.9055,1.77791,-0.227446,-7.84493,-0.24853,0.103393,31.1118,12.4184,-0.0620002,32.4261,12.0276,-8.80999,0.999900614
6.661271266,10.4398,3.64561,-37.4939,2.08893,-0.252202,-9.66872,-0.280493,0.911522,29.6227,12.9832,-0.0363285,32.5756,12.3283,-8.95273,0.999981365
4.513550434,12.5806,3.70755,-37.9397,2.36049,-0.264391,-11.0797,-0.40654,1.07471,28.278,13.2325,-0.00114111,32.9005,12.8317,-9.10342,0.999913037
3.818999892,16.0167,3.13193,-33.5851,3.25649,-0.000151,24.6385,-0.502216,-5.48575,4.03421,7.31842,-0.00982421,27.5794,17.7934,-8.35854,0.963077993
5.412788919,12.7953,3.00469,-32.557,2.94353,0.00489056,25.1553,-0.469497,-5.45391,1.6146,7.57125,-0.000989599,25.4679,16.242,-7.9253,0.952903322
13.20430823,9.25119,2.86602,-31.4089,2.58842,0.0109764,24.2043,-0.431998,-5.28289,-0.813135,7.69905,0.0100963,23.3253,14.6815,-7.47818,0.940616692
2.342601911,26.1743,-0.635168,-2.58528,2.27288,-0.144861,18.9761,0.108235,-5.00554,-0.598476,-3.14401,0.0778278,25.7848,-1.33269,-5.96655,0.904078431
2.55580774,23.3873,-0.925637,-1.36531,2.13445,-0.12244,19.672,-0.00341747,-5.04945,-2.64109,-3.61628,0.0736395,24.4728,-2.09851,-5.58048,0.889525847
2.86126639,20.3184,-1.20899,-0.173996,1.95462,-0.106598,19.3146,-0.0625986,-4.83599,-4.61571,-4.07117,0.0618798,23.2766,-2.84672,-5.21231,0.874623886
3.376633566,17.0376,-1.47884,0.960686,1.74529,-0.0957122,17.9956,-0.107568,-4.44062,-6.50917,-4.50229,0.0508949,22.2166,-3.56466,-4.86891,0.857761141
4.352239157,13.633,-1.72831,2.00903,1.48079,-0.0847854,15.522,-0.147074,-3.89539,-8.3086,-4.90333,0.0434718,21.3116,-4.24051,-4.55583,0.839536542
7.475353356,10.2057,-1.95079,2.94282,1.1826,-0.0761368,12.2929,-0.166169,-3.24764,-10.0019,-5.26829,0.0378063,20.5794,-4.8635,-4.27737,0.820399287
2.250542311,27.2234,3.69199,-35.6634,2.62745,0.378081,18.2142,1.0964,-5.19623,11.2062,25.7369,-0.0231645,27.2331,13.9388,-12.8873,0.859556327
2.362198945,24.4022,3.61525,-35.1207,2.39102,0.34531,19.349,0.890846,-5.20632,9.15931,26.2455,-0.00716283,25.5931,12.8228,-12.9904,0.836464084
2.560267537,21.0827,3.49139,-34.2294,2.11298,0.301683,19.417,0.721664,-5.03194,7.22842,26.5409,0.00085658,23.9713,11.4772,-13.0399,0.812394284
2.954573641,17.3249,3.32086,-32.9703,1.79705,0.251903,18.28,0.577368,-4.71098,5.38833,26.6211,0.00512135,22.3528,9.93835,-13.0356,0.787261746
4.007853117,13.2188,3.10888,-31.3534,1.46036,0.197621,16.0174,0.44643,-4.1832,3.60917,26.4905,0.00897899,20.7242,8.26193,-12.9799,0.760664901
11.29166414,8.87831,2.86487,-29.4204,1.11831,0.143078,12.8454,0.309091,-3.43992,1.86152,26.1573,0.0175443,19.0804,6.51901,-12.8784,0.731642417
29.26195405,7.98024,4.00856,-25.5638,0.905644,0.252414,-5.13539,-1.1002,2.06477,34.8699,23.0567,-0.298368,46.8174,-2.8751,-2.33939,0.941019184
11.76561194,10.141,4.1339,-26.0948,1.4933,0.367102,-9.19725,-1.14687,-0.325213,32.341,22.5819,-0.299847,45.8903,-2.3703,-2.4674,0.943368552
8.484427448,12.4206,4.26072,-26.6271,1.92319,0.446271,-12.2161,-1.27293,-2.20608,30.006,22.0519,-0.322338,45.0969,-1.78744,-2.67194,0.946107318
9.646742973,14.2368,2.75396,-19.9877,2.94271,0.64833,24.527,-0.452871,-5.9683,3.84521,25.6145,-0.109859,32.6771,-3.18966,-15.8479,0.984216401
14.28237626,11.3865,2.40379,-18.3508,2.59386,0.563458,24.6788,-0.381139,-5.80721,1.60981,24.5046,-0.0814828,30.8659,-3.98423,-15.3417,0.97743655
58.0332883,8.14202,2.03737,-16.6034,2.21588,0.471437,23.4452,-0.295559,-5.52818,-0.721104,23.1332,-0.0545216,29.013,-4.76293,-14.7489,0.969453891
6.311176931,9.71103,-1.1409,3.05943,1.06505,-0.193623,-7.52462,-0.463205,2.35106,43.5246,-26.1755,-0.0995265,40.9544,-6.36888,-2.54867,0.999123775
3.699605446,11.9941,-1.02418,2.32055,1.20389,-0.185123,-8.53481,0.124549,3.16492,43.1565,-27.0879,-0.24272,43.1338,-5.18826,-3.27769,0.999324553
2.913870018,14.2155,-0.890338,1.47241,1.3856,-0.178625,-9.60871,0.286148,2.93805,42.7437,-27.8986,-0.314634,45.1422,-3.98221,-4.04879,0.999512564
2.60489618,16.3269,-0.7396,0.516413,1.60482,-0.169854,-10.5942,0.367439,2.31668,42.2366,-28.5215,-0.380335,46.9246,-2.75724,-4.85644,0.999641386
2.949988275,15.5347,-3.40962,16.9376,1.66256,0.0998182,19.0574,-0.563633,-4.33812,1.1446,-20.4484,-0.0354615,34.1088,0.0326115,-18.4686,0.653313232
4.854701461,11.3935,-3.92036,19.8503,1.38084,0.0865657,17.3949,-0.564547,-4.05212,-0.869038,-20.9907,-0.0222972,31.9168,-0.739062,-18.5424,0.614777909
4.550706678,26.8774,5.49687,-27.2153,2.62701,0.203985,14.7005,0.148815,-6.03804,11.6821,21.3695,0.0288462,28.0121,7.01648,-3.27819,0.918835629
4.855068819,24.8574,5.42144,-26.8847,2.53154,0.189944,17.6751,0.105252,-6.04309,9.18241,20.1527,0.0365861,26.1118,6.46633,-2.31166,0.906562842
5.35654117,22.3497,5.33353,-26.497,2.4153,0.174593,20.4348,0.0575495,-6.02597,6.56639,18.9909,0.0429192,23.9964,5.74951,-1.32049,0.893840046
6.252448898,19.303,5.21885,-25.9872,2.27264,0.156703,22.679,0.0184883,-5.98038,3.83847,17.8981,0.04549,21.6589,4.81527,-0.312681,0.880749703
8.148434173,15.6936,5.06511,-25.2966,2.09753,0.133509,24.0417,-0.0138255,-5.87148,1.00628,16.8852,0.0449735,19.0995,3.63146,0.703126,0.867209349
14.31742179,11.5355,4.86403,-24.3811,1.88814,0.108535,24.2052,-0.050491,-5.65489,-1.91803,15.9598,0.0454771,16.3299,2.18805,1.71711,0.853002226
25.61912099,8.59637,4.86094,-25.0144,1.99969,0.255483,-14.4646,1.39878,3.31171,50.5271,12.4628,-0.282619,45.6791,3.41117,4.65907,0.99939213
10.36629442,11.4615,5.08002,-25.963,2.55923,0.264417,-18.7358,0.705509,-2.18119,48.5096,12.4556,-0.0541038,45.6614,4.12896,4.74449,0.998846377
7.412317913,14.2353,5.31143,-26.9484,3.01855,0.274412,-20.7365,0.706289,-4.93262,46.7709,12.5561,-0.00202423,45.7888,4.82755,4.70302,0.997919042
7.483413147,14.8821,5.8606,-29.2171,3.32405,0.436312,19.5789,0.124627,-7.22477,23.5811,13.4591,-0.0691363,42.8066,5.53943,2.71352,0.861680651
9.600708398,12.8519,5.43605,-27.4718,3.14557,0.416502,22.314,0.183608,-7.52712,20.8741,13.0049,-0.0802767,41.2977,4.18791,3.38239,0.843701886
15.76332282,10.41,4.96794,-25.4797,2.92091,0.384572,24.637,0.210824,-7.76355,18.0612,12.5049,-0.0854385,39.5621,2.57331,4.07731,0.82449407
11.36475132,7.87278,1.29495,-13.6595,0.454223,-0.0393967,-1.69174,1.5205,1.91559,43.6119,8.58358,-0.235821,38.106,-1.06917,-3.90205,0.995009631
4.067988126,11.3828,1.53426,-15.7566,1.12858,-0.10461,-5.59463,1.30869,0.104273,40.14,9.0189,-0.227596,38.1047,0.173853,-3.53409,0.999131231
3.951258754,18.0254,1.96379,-19.4107,2.81158,-0.03985,21.6717,0.177154,-5.39301,3.00567,14.4774,-0.0866398,27.0312,2.31935,-2.77624,0.885234972
4.784593884,15.3015,1.73625,-17.4934,2.56433,-0.0325213,23.1262,0.200195,-5.4252,0.635697,13.904,-0.0889033,24.8546,0.980394,-2.61124,0.867233275
6.935400103,12.1424,1.48301,-15.3109,2.2754,-0.0306132,23.4037,0.231704,-5.28766,-1.74456,13.2284,-0.08845,22.5924,-0.457977,-2.41161,0.848093423
22.39272913,8.55932,1.2107,-12.912,1.94486,-0.0313207,22.2154,0.247946,-4.95613,-4.12029,12.4988,-0.0805932,20.2732,-1.94572,-2.18239,0.827579704
10.1148507,8.50182,0.116305,-2.89419,1.0453,-0.284065,-6.7716,0.685892,1.09295,34.1918,-3.59648,-0.0537028,34.1239,-8.68072,-7.7413,0.999660972
5.082460825,10.5599,0.186303,-3.57575,1.40761,-0.33207,-9.47981,0.920942,1.09153,33.6904,-3.81289,-0.1138,35.9213,-7.97141,-7.99401,0.999956636
3.933071605,12.6822,0.251036,-4.20514,1.78358,-0.399638,-12.2214,1.08252,1.63749,33.0914,-4.1218,-0.16995,37.6291,-7.27026,-8.24185,0.999810775
3.431476342,14.8154,0.308672,-4.76468,2.1562,-0.454604,-14.699,1.22193,2.20871,32.3885,-4.5142,-0.24687,39.204,-6.58891,-8.48621,0.999570301
3.672364663,12.6688,-1.20921,9.94945,1.66129,-0.12867,14.5628,0.000775075,-3.52926,1.19564,-9.09431,0.0282105,26.9075,-6.00619,-10.6947,0.878008878
5.537649333,9.91982,-1.31648,10.9626,1.23609,-0.103933,10.9665,-0.112491,-2.78001,-0.0316479,-9.17803,0.0486113,25.7348,-6.22819,-10.4888,0.853535752
1.704332242,24.9212,1.30572,-12.6232,2.27288,-0.00699443,14.1274,-0.097623,-3.6008,-4.21438,-15.7886,-0.0378686,36.638,30.5276,-2.43428,0.809050839
1.792445305,22.669,1.11635,-11.3028,2.10145,-0.00052929,15.5404,-0.206084,-3.68368,-6.48937,-15.878,-0.0225077,35.2468,29.5025,-2.33134,0.789724437
1.941499823,20.0437,0.922148,-9.93589,1.90482,0.00427598,16.1966,-0.27626,-3.67909,-8.71397,-15.9457,-0.0149287,33.8917,28.421,-2.25546,0.769718381
2.215274026,17.0634,0.72345,-8.52529,1.68259,0.00725932,15.9411,-0.294372,-3.55371,-10.8697,-16.0225,-0.0150701,32.5848,27.3181,-2.20494,0.748420309
2.816593975,13.7689,0.522018,-7.08448,1.43407,0.00846002,14.6981,-0.27272,-3.27072,-12.941,-16.1346,-0.0185849,31.3385,26.2312,-2.17718,0.724161367
4.993845381,10.227,0.321169,-5.63872,1.16635,0.00765364,12.5758,-0.226264,-2.84783,-14.9149,-16.3028,-0.0227334,30.1666,25.1991,-2.169,0.698119175
4.184308175,9.15779,2.25917,-15.208,0.475445,0.461843,-0.684994,-1.82681,-0.797333,57.9932,11.2743,-0.634199,31.5044,-3.95276,-6.61652,0.994823298
3.801395919,21.4659,3.34504,-20.4012,3.14458,0.568354,25.8274,-0.971453,-4.81151,20.0916,25.4382,-0.210592,30.1053,-3.79458,-4.05076,0.958615305
4.220162696,18.5655,3.04146,-18.9809,2.80454,0.514014,26.2442,-0.859669,-4.79595,17.6746,25.4241,-0.198651,28.1187,-5.95438,-3.42913,0.948817167
5.097657495,15.2942,2.70316,-17.3685,2.43173,0.449447,25.2208,-0.771236,-4.67143,15.2584,25.3217,-0.190262,26.1042,-8.1839,-2.80804,0.93812829
7.668371168,11.6934,2.33828,-15.5964,2.03692,0.381656,22.7904,-0.674979,-4.37054,12.8575,25.1387,-0.177356,24.0929,-10.4179,-2.20072,0.927190699
49.67395533,7.82883,1.95897,-13.7208,1.6355,0.312118,19.2027,-0.561995,-3.88259,10.4883,24.8838,-0.156139,22.1212,-12.5797,-1.62006,0.915587946
2.978470792,33.3735,3.35831,-23.2574,3.64752,-0.115134,4.81921,0.889438,-5.24879,15.2302,5.30752,-0.111551,37.0234,19.7141,-12.7591,0.983629694
3.106914654,31.8842,3.15754,-22.1971,3.60681,-0.0859353,9.78856,0.752212,-5.70379,11.0395,4.92735,-0.0852493,33.8155,18.9135,-12.1909,0.974678474
3.276660226,29.3643,2.89916,-20.8083,3.44494,-0.0558404,15.3285,0.523311,-5.94051,6.64238,4.45082,-0.0527139,30.4077,17.6856,-11.5482,0.964004399
3.553387609,25.6635,2.59004,-19.1122,3.1504,-0.0241682,20.3289,0.234796,-5.93061,2.09537,3.99169,-0.0140787,26.8411,16.0573,-10.8303,0.945860379
4.143561625,20.6959,2.24633,-17.184,2.72706,0.000232249,23.1413,-0.0330202,-5.63918,-2.51349,3.64155,0.0208574,23.2041,14.1419,-10.0329,0.918917716
6.013437454,14.5298,1.89902,-15.1934,2.18273,0.0179192,22.1249,-0.199475,-4.95341,-7.06184,3.45285,0.0477715,19.6448,12.1544,-9.15326,0.888230545
2.594623099,26.3906,5.57283,-38.8869,2.70801,-0.158673,-11.6359,0.967293,-0.227927,39.9503,46.906,0.0501272,29.9672,-8.21017,-16.0537,0.996140981
2.805346634,34.5965,6.64341,-43.5039,4.06518,0.140148,20.0366,1.03879,-6.01247,14.6014,48.2248,0.111356,24.3568,-6.11182,-15.6697,0.866931237
3.169048922,29.028,6.40629,-42.5377,3.72937,0.126577,24.4256,0.733126,-6.3664,10.1779,46.7335,0.0712074,21.5964,-8.9961,-13.7259,0.827547332
3.873519769,22.1347,6.06973,-41.1123,3.18897,0.112943,25.2685,0.41809,-6.28703,5.77294,44.9208,0.0263435,18.8163,-11.954,-11.6234,0.785545529
5.891713815,14.6741,5.66535,-39.3124,2.47505,0.0926498,21.6421,0.0365542,-5.65051,1.51604,42.9379,-0.013799,16.1868,-14.5804,-9.49139,0.741146584
85.35341886,7.61065,5.24711,-37.3467,1.59425,0.0474839,13.8737,-0.278608,-4.06674,-2.43755,40.9903,-0.0298499,13.9329,-16.5466,-7.45363,0.693038599
5.658614505,8.66878,12.1179,-38.1287,0.470273,-0.0731744,-1.80762,0.768793,-0.403911,55.2896,32.6857,-0.0989322,36.817,6.75176,-0.934107,0.993552616
3.563300824,24.8815,12.3076,-38.5306,3.57572,-0.0960505,23.5227,0.239661,-5.66334,15.6388,39.1997,-0.0302008,40.1062,13.9339,-11.7278,0.807937075
3.946779783,21.7289,11.7135,-37.2557,3.28657,-0.118161,24.2946,0.159428,-5.71277,13.9638,38.632,-0.0466179,38.9508,13.0766,-11.9702,0.784060303
4.568187477,18.3521,11.1301,-35.9572,2.9484,-0.138578,23.9987,0.0690967,-5.57603,12.2735,38.2465,-0.0551367,37.6361,12.1064,-12.2234,0.76013586
5.794338114,14.7923,10.5635,-34.6509,2.56716,-0.156442,22.5299,-0.0368837,-5.23131,10.5667,38.0508,-0.0547276,36.1694,11.0404,-12.4837,0.735984984
9.451598767,11.1072,10.018,-33.3506,2.15712,-0.16942,19.9405,-0.146402,-4.69565,8.84555,38.0269,-0.0439998,34.5738,9.90694,-12.7465,0.710886664
5.204295922,26.8415,5.64719,-31.0347,2.70724,-0.164287,17.8968,-0.477955,-4.75187,9.21993,40.3386,0.0532169,17.212,-0.939566,-7.79755,0.952764274
5.59833398,24.0148,5.62196,-30.9194,2.51595,-0.163403,18.5604,-0.617033,-4.68251,6.89173,40.1832,0.0522056,15.2553,-2.27516,-7.56103,0.94099134
6.224020214,20.8442,5.57629,-30.71,2.29191,-0.158639,18.4051,-0.680403,-4.5082,4.625,39.97,0.0465148,13.3463,-3.65511,-7.30527,0.926222033
7.37822344,17.3979,5.50841,-30.397,2.05018,-0.152287,17.4807,-0.678023,-4.29805,2.43198,39.6973,0.0387108,11.5116,-5.05099,-7.03762,0.90831922
9.972897706,13.7679,5.41932,-29.9831,1.79792,-0.14171,15.8815,-0.622293,-4.01047,0.322699,39.3652,0.0334217,9.77821,-6.42912,-6.76611,0.889278196
19.80425513,10.0635,5.31324,-29.4856,1.54768,-0.130344,13.8061,-0.52935,-3.64379,-1.69494,38.975,0.0306611,8.17373,-7.75195,-6.49897,0.869023539
